bowler,wickets,economy
Harbhajan Singh,173,7.020618556701031
R Ashwin,163,7.609584214235377
PP Chawla,156,7.238434163701067
RA Jadeja,155,7.244067796610169
B Kumar,150,7.642798353909465
A Mishra,148,7.308931185944363
SL Malinga,144,7.597848016139879
DW Steyn,131,7.06532222709338
SP Narine,131,7.407171314741036
UT Yadav,126,8.18001978239367
